file_path,vendor,objective,mpp_x,mpp_y,level_count,level0_downsample,level0_tile_w,level0_tile_h,compression,level_dimensions_0,level_dimensions_1,level_dimensions_2,level_dimensions_3,level_dimensions_4,level_dimensions_5,level_dimensions_6,level_dimensions_7,level_dimensions_8,level_dimensions_9
/N/project/wsiclass/Hancock_Dataset/WSI_LymphNode/LymphNode_HE_131.svs,aperio,40,0.26344099999999998,0.26344099999999998,4,1.0,,,,121915x79381,30478x19845,7619x4961,1904x1240,,,,,,
/N/project/wsiclass/Hancock_Dataset/WSI_LymphNode/LymphNode_HE_040.svs,aperio,40,0.26344099999999998,0.26344099999999998,4,1.0,,,,104703x88283,26175x22070,6543x5517,1635x1379,,,,,,
/N/project/wsiclass/Hancock_Dataset/WSI_LymphNode/LymphNode_HE_232.svs,aperio,51.420499999999997,0.19447500000000001,0.19447500000000001,3,1.0,,,,114688x204800,28672x51200,7168x12800,,,,,,,
/N/project/wsiclass/Hancock_Dataset/WSI_LymphNode/LymphNode_HE_114.svs,aperio,40,0.26344099999999998,0.26344099999999998,4,1.0,,,,125871x88283,31467x22070,7866x5517,1966x1379,,,,,,
/N/project/wsiclass/Hancock_Dataset/WSI_LymphNode/LymphNode_HE_142.svs,aperio,40,0.26344099999999998,0.26344099999999998,4,1.0,,,,102923x79974,25730x19993,6432x4998,1608x1249,,,,,,
/N/project/wsiclass/Hancock_Dataset/WSI_LymphNode/LymphNode_HE_177.svs,aperio,51.420499999999997,0.19447500000000001,0.19447500000000001,3,1.0,,,,114688x258048,28672x64512,7168x16128,,,,,,,
/N/project/wsiclass/Hancock_Dataset/WSI_LymphNode/LymphNode_HE_678.svs,aperio,40,0.26344099999999998,0.26344099999999998,4,1.0,,,,101142x83535,25285x20883,6321x5220,1580x1305,,,,,,
/N/project/wsiclass/Hancock_Dataset/WSI_LymphNode/LymphNode_HE_440.svs,aperio,40,0.26344099999999998,0.26344099999999998,4,1.0,,,,88877x71269,22219x17817,5554x4454,1388x1113,,,,,,
/N/project/wsiclass/Hancock_Dataset/WSI_LymphNode/LymphNode_HE_091.svs,aperio,40,0.26344099999999998,0.26344099999999998,4,1.0,,,,147435x88283,36858x22070,9214x5517,2303x1379,,,,,,
/N/project/wsiclass/Hancock_Dataset/WSI_LymphNode/LymphNode_HE_325.svs,aperio,51.420499999999997,0.19447500000000001,0.19447500000000001,3,1.0,,,,118784x180224,29696x45056,7424x11264,,,,,,,
/N/project/wsiclass/Hancock_Dataset/WSI_LymphNode/LymphNode_HE_458.svs,aperio,40,0.26344099999999998,0.26344099999999998,4,1.0,,,,87096x66719,21774x16679,5443x4169,1360x1042,,,,,,
/N/project/wsiclass/Hancock_Dataset/WSI_LymphNode/LymphNode_HE_038.svs,aperio,40,0.26344099999999998,0.26344099999999998,4,1.0,,,,162668x86700,40667x21675,10166x5418,2541x1354,,,,,,
/N/project/wsiclass/Hancock_Dataset/WSI_LymphNode/LymphNode_HE_611.svs,aperio,40,0.26344099999999998,0.26344099999999998,4,1.0,,,,121717x88283,30429x22070,7607x5517,1901x1379,,,,,,
/N/project/wsiclass/Hancock_Dataset/WSI_LymphNode/LymphNode_HE_197.svs,aperio,40,0.26344099999999998,0.26344099999999998,4,1.0,,,,117760x80370,29440x20092,7360x5023,1840x1255,,,,,,
/N/project/wsiclass/Hancock_Dataset/WSI_LymphNode/LymphNode_HE_260.svs,aperio,51.420499999999997,0.19447500000000001,0.19447500000000001,3,1.0,,,,81920x135168,20480x33792,5120x8448,,,,,,,
/N/project/wsiclass/Hancock_Dataset/WSI_LymphNode/LymphNode_HE_297.svs,aperio,51.420499999999997,0.19447500000000001,0.19447500000000001,3,1.0,,,,106496x212992,26624x53248,6656x13312,,,,,,,
/N/project/wsiclass/Hancock_Dataset/WSI_LymphNode/LymphNode_HE_340.svs,aperio,51.420499999999997,0.19447500000000001,0.19447500000000001,3,1.0,,,,122880x204800,30720x51200,7680x12800,,,,,,,
/N/project/wsiclass/Hancock_Dataset/WSI_LymphNode/LymphNode_HE_385.svs,aperio,40,0.26344099999999998,0.26344099999999998,4,1.0,,,,93625x74435,23406x18608,5851x4652,1462x1163,,,,,,
/N/project/wsiclass/Hancock_Dataset/WSI_LymphNode/LymphNode_HE_422.svs,aperio,40,0.26344099999999998,0.26344099999999998,4,1.0,,,,117562x85909,29390x21477,7347x5369,1836x1342,,,,,,
/N/project/wsiclass/Hancock_Dataset/WSI_LymphNode/LymphNode_HE_713.svs,aperio,51.420499999999997,0.19447500000000001,0.19447500000000001,3,1.0,,,,114688x196608,28672x49152,7168x12288,,,,,,,
/N/project/wsiclass/Hancock_Dataset/WSI_LymphNode/LymphNode_HE_101.svs,aperio,40,0.26344099999999998,0.26344099999999998,4,1.0,,,,95405x88283,23851x22070,5962x5517,1490x1379,,,,,,
/N/project/wsiclass/Hancock_Dataset/WSI_LymphNode/LymphNode_HE_500.svs,aperio,40,0.26344099999999998,0.26344099999999998,4,1.0,,,,108066x88283,27016x22070,6754x5517,1688x1379,,,,,,
/N/project/wsiclass/Hancock_Dataset/WSI_LymphNode/LymphNode_HE_497.svs,aperio,40,0.26344099999999998,0.26344099999999998,4,1.0,,,,92240x85909,23060x21477,5765x5369,1441x1342,,,,,,
/N/project/wsiclass/Hancock_Dataset/WSI_LymphNode/LymphNode_HE_646.svs,aperio,40,0.26344099999999998,0.26344099999999998,4,1.0,,,,107671x84920,26917x21230,6729x5307,1682x1326,,,,,,
/N/project/wsiclass/Hancock_Dataset/WSI_LymphNode/LymphNode_HE_501.svs,aperio,51.420499999999997,0.19447500000000001,0.19447500000000001,3,1.0,,,,118784x204800,29696x51200,7424x12800,,,,,,,
/N/project/wsiclass/Hancock_Dataset/WSI_LymphNode/LymphNode_HE_472.svs,aperio,51.420499999999997,0.19447500000000001,0.19447500000000001,3,1.0,,,,118784x180224,29696x45056,7424x11264,,,,,,,
/N/project/wsiclass/Hancock_Dataset/WSI_LymphNode/LymphNode_HE_132.svs,aperio,51.420499999999997,0.19447500000000001,0.19447500000000001,3,1.0,,,,114688x196608,28672x49152,7168x12288,,,,,,,
/N/project/wsiclass/Hancock_Dataset/WSI_LymphNode/LymphNode_HE_513.svs,aperio,40,0.26344099999999998,0.26344099999999998,4,1.0,,,,126861x81359,31715x20339,7928x5084,1982x1271,,,,,,
/N/project/wsiclass/Hancock_Dataset/WSI_LymphNode/LymphNode_HE_095.svs,aperio,40,0.26344099999999998,0.26344099999999998,4,1.0,,,,87887x76215,21971x19053,5492x4763,1373x1190,,,,,,
/N/project/wsiclass/Hancock_Dataset/WSI_LymphNode/LymphNode_HE_139.svs,aperio,40,0.26344099999999998,0.26344099999999998,4,1.0,,,,114397x88283,28599x22070,7149x5517,1787x1379,,,,,,
/N/project/wsiclass/Hancock_Dataset/WSI_LymphNode/LymphNode_HE_153.svs,aperio,40,0.26344099999999998,0.26344099999999998,4,1.0,,,,152381x88283,38095x22070,9523x5517,2380x1379,,,,,,
/N/project/wsiclass/Hancock_Dataset/WSI_LymphNode/LymphNode_HE_423.svs,aperio,40,0.26344099999999998,0.26344099999999998,4,1.0,,,,112221x85909,28055x21477,7013x5369,1753x1342,,,,,,
/N/project/wsiclass/Hancock_Dataset/WSI_LymphNode/LymphNode_HE_723.svs,aperio,40,0.26344099999999998,0.26344099999999998,4,1.0,,,,95405x86107,23851x21526,5962x5381,1490x1345,,,,,,
/N/project/wsiclass/Hancock_Dataset/WSI_LymphNode/LymphNode_HE_510.svs,aperio,40,0.26344099999999998,0.26344099999999998,4,1.0,,,,83733x78589,20933x19647,5233x4911,1308x1227,,,,,,
/N/project/wsiclass/Hancock_Dataset/WSI_LymphNode/LymphNode_HE_743.svs,aperio,51.420499999999997,0.19447500000000001,0.19447500000000001,3,1.0,,,,118784x204800,29696x51200,7424x12800,,,,,,,
/N/project/wsiclass/Hancock_Dataset/WSI_LymphNode/LymphNode_HE_014.svs,aperio,40,0.26344099999999998,0.26344099999999998,4,1.0,,,,80172x69687,20043x17421,5010x4355,1252x1088,,,,,,
/N/project/wsiclass/Hancock_Dataset/WSI_LymphNode/LymphNode_HE_044.svs,aperio,40,0.26344099999999998,0.26344099999999998,4,1.0,,,,116969x88283,29242x22070,7310x5517,1827x1379,,,,,,
/N/project/wsiclass/Hancock_Dataset/WSI_LymphNode/LymphNode_HE_653.svs,aperio,51.420499999999997,0.19447500000000001,0.19447500000000001,3,1.0,,,,110592x200704,27648x50176,6912x12544,,,,,,,
/N/project/wsiclass/Hancock_Dataset/WSI_LymphNode/LymphNode_HE_104.svs,aperio,40,0.26344099999999998,0.26344099999999998,4,1.0,,,,115782x76809,28945x19202,7236x4800,1809x1200,,,,,,
/N/project/wsiclass/Hancock_Dataset/WSI_LymphNode/LymphNode_HE_661.svs,aperio,40,0.26344099999999998,0.26344099999999998,4,1.0,,,,99757x88283,24939x22070,6234x5517,1558x1379,,,,,,
/N/project/wsiclass/Hancock_Dataset/WSI_LymphNode/LymphNode_HE_352.svs,aperio,40,0.26344099999999998,0.26344099999999998,4,1.0,,,,93822x72852,23455x18213,5863x4553,1465x1138,,,,,,
/N/project/wsiclass/Hancock_Dataset/WSI_LymphNode/LymphNode_HE_373.svs,aperio,40,0.26344099999999998,0.26344099999999998,4,1.0,,,,114001x78391,28500x19597,7125x4899,1781x1224,,,,,,
/N/project/wsiclass/Hancock_Dataset/WSI_LymphNode/LymphNode_HE_244.svs,aperio,40,0.26344099999999998,0.26344099999999998,4,1.0,,,,106088x88283,26522x22070,6630x5517,1657x1379,,,,,,
/N/project/wsiclass/Hancock_Dataset/WSI_LymphNode/LymphNode_HE_231.svs,aperio,40,0.26344099999999998,0.26344099999999998,4,1.0,,,,124684x79183,31171x19795,7792x4948,1948x1237,,,,,,
/N/project/wsiclass/Hancock_Dataset/WSI_LymphNode/LymphNode_HE_517.svs,aperio,40,0.26344099999999998,0.26344099999999998,4,1.0,,,,128641x84326,32160x21081,8040x5270,2010x1317,,,,,,
/N/project/wsiclass/Hancock_Dataset/WSI_LymphNode/LymphNode_HE_706.svs,aperio,40,0.26344099999999998,0.26344099999999998,4,1.0,,,,123695x88283,30923x22070,7730x5517,1932x1379,,,,,,
/N/project/wsiclass/Hancock_Dataset/WSI_LymphNode/LymphNode_HE_741.svs,aperio,40,0.26344099999999998,0.26344099999999998,4,1.0,,,,109847x80370,27461x20092,6865x5023,1716x1255,,,,,,
/N/project/wsiclass/Hancock_Dataset/WSI_LymphNode/LymphNode_HE_214.svs,aperio,40,0.26344099999999998,0.26344099999999998,3,1.0,,,,90855x63158,22713x15789,5678x3947,,,,,,,
/N/project/wsiclass/Hancock_Dataset/WSI_LymphNode/LymphNode_HE_296.svs,aperio,40,0.26344099999999998,0.26344099999999998,4,1.0,,,,100747x80172,25186x20043,6296x5010,1574x1252,,,,,,
/N/project/wsiclass/Hancock_Dataset/WSI_LymphNode/LymphNode_HE_737.svs,aperio,40,0.26344099999999998,0.26344099999999998,4,1.0,,,,155546x81161,38886x20290,9721x5072,2430x1268,,,,,,
/N/project/wsiclass/Hancock_Dataset/WSI_LymphNode/LymphNode_HE_722.svs,aperio,51.420499999999997,0.19447500000000001,0.19447500000000001,3,1.0,,,,118784x225280,29696x56320,7424x14080,,,,,,,
/N/project/wsiclass/Hancock_Dataset/WSI_LymphNode/LymphNode_HE_404.svs,aperio,40,0.26344099999999998,0.26344099999999998,4,1.0,,,,138928x85118,34732x21279,8683x5319,2170x1329,,,,,,
/N/project/wsiclass/Hancock_Dataset/WSI_LymphNode/LymphNode_HE_248.svs,aperio,51.420499999999997,0.19447500000000001,0.19447500000000001,3,1.0,,,,118784x204800,29696x51200,7424x12800,,,,,,,
/N/project/wsiclass/Hancock_Dataset/WSI_LymphNode/LymphNode_HE_321.svs,aperio,40,0.26344099999999998,0.26344099999999998,4,1.0,,,,115188x87887,28797x21971,7199x5492,1799x1373,,,,,,
/N/project/wsiclass/Hancock_Dataset/WSI_LymphNode/LymphNode_HE_083.svs,aperio,40,0.26344099999999998,0.26344099999999998,4,1.0,,,,128245x83733,32061x20933,8015x5233,2003x1308,,,,,,
/N/project/wsiclass/Hancock_Dataset/WSI_LymphNode/LymphNode_HE_016.svs,aperio,40,0.26344099999999998,0.26344099999999998,3,1.0,,,,99757x60784,24939x15196,6234x3799,,,,,,,
/N/project/wsiclass/Hancock_Dataset/WSI_LymphNode/LymphNode_HE_330.svs,aperio,51.420499999999997,0.19447500000000001,0.19447500000000001,3,1.0,,,,110592x98304,27648x24576,6912x6144,,,,,,,
/N/project/wsiclass/Hancock_Dataset/WSI_LymphNode/LymphNode_HE_311.svs,aperio,40,0.26344099999999998,0.26344099999999998,4,1.0,,,,104901x88283,26225x22070,6556x5517,1639x1379,,,,,,
/N/project/wsiclass/Hancock_Dataset/WSI_LymphNode/LymphNode_HE_616.svs,aperio,40,0.26344099999999998,0.26344099999999998,4,1.0,,,,116771x88283,29192x22070,7298x5517,1824x1379,,,,,,
/N/project/wsiclass/Hancock_Dataset/WSI_LymphNode/LymphNode_HE_649.svs,aperio,40,0.26344099999999998,0.26344099999999998,4,1.0,,,,100944x78391,25236x19597,6309x4899,1577x1224,,,,,,
/N/project/wsiclass/Hancock_Dataset/WSI_LymphNode/LymphNode_HE_543.svs,aperio,40,0.26344099999999998,0.26344099999999998,4,1.0,,,,101736x84722,25434x21180,6358x5295,1589x1323,,,,,,
/N/project/wsiclass/Hancock_Dataset/WSI_LymphNode/LymphNode_HE_222.svs,aperio,40,0.26344099999999998,0.26344099999999998,4,1.0,,,,117760x88283,29440x22070,7360x5517,1840x1379,,,,,,
/N/project/wsiclass/Hancock_Dataset/WSI_LymphNode/LymphNode_HE_185.svs,aperio,40,0.26344099999999998,0.26344099999999998,4,1.0,,,,102131x88283,25532x22070,6383x5517,1595x1379,,,,,,
/N/project/wsiclass/Hancock_Dataset/WSI_LymphNode/LymphNode_HE_184.svs,aperio,40,0.26344099999999998,0.26344099999999998,4,1.0,,,,109451x88283,27362x22070,6840x5517,1710x1379,,,,,,
/N/project/wsiclass/Hancock_Dataset/WSI_LymphNode/LymphNode_HE_350.svs,aperio,40,0.26344099999999998,0.26344099999999998,4,1.0,,,,101142x78391,25285x19597,6321x4899,1580x1224,,,,,,
/N/project/wsiclass/Hancock_Dataset/WSI_LymphNode/LymphNode_HE_693.svs,aperio,51.420499999999997,0.19447500000000001,0.19447500000000001,3,1.0,,,,81920x94208,20480x23552,5120x5888,,,,,,,
/N/project/wsiclass/Hancock_Dataset/WSI_LymphNode/LymphNode_HE_682.svs,aperio,40,0.26344099999999998,0.26344099999999998,4,1.0,,,,102923x87690,25730x21922,6432x5480,1608x1370,,,,,,
/N/project/wsiclass/Hancock_Dataset/WSI_LymphNode/LymphNode_HE_302.svs,aperio,51.420499999999997,0.19447500000000001,0.19447500000000001,3,1.0,,,,110592x258048,27648x64512,6912x16128,,,,,,,
/N/project/wsiclass/Hancock_Dataset/WSI_LymphNode/LymphNode_HE_443.svs,aperio,40,0.26344099999999998,0.26344099999999998,4,1.0,,,,101340x85513,25335x21378,6333x5344,1583x1336,,,,,,
/N/project/wsiclass/Hancock_Dataset/WSI_LymphNode/LymphNode_HE_645.svs,aperio,40,0.26344099999999998,0.26344099999999998,4,1.0,,,,106682x88283,26670x22070,6667x5517,1666x1379,,,,,,
/N/project/wsiclass/Hancock_Dataset/WSI_LymphNode/LymphNode_HE_555.svs,aperio,40,0.26344099999999998,0.26344099999999998,4,1.0,,,,140313x76215,35078x19053,8769x4763,2192x1190,,,,,,
/N/project/wsiclass/Hancock_Dataset/WSI_LymphNode/LymphNode_HE_596.svs,aperio,51.420499999999997,0.19447500000000001,0.19447500000000001,3,1.0,,,,118784x212992,29696x53248,7424x13312,,,,,,,
/N/project/wsiclass/Hancock_Dataset/WSI_LymphNode/LymphNode_HE_252.svs,aperio,40,0.26344099999999998,0.26344099999999998,4,1.0,,,,99560x71269,24890x17817,6222x4454,1555x1113,,,,,,
/N/project/wsiclass/Hancock_Dataset/WSI_LymphNode/LymphNode_HE_013.svs,aperio,40,0.26344099999999998,0.26344099999999998,4,1.0,,,,103912x88283,25978x22070,6494x5517,1623x1379,,,,,,
/N/project/wsiclass/Hancock_Dataset/WSI_LymphNode/LymphNode_HE_515.svs,aperio,51.420499999999997,0.19447500000000001,0.19447500000000001,3,1.0,,,,114688x196608,28672x49152,7168x12288,,,,,,,
/N/project/wsiclass/Hancock_Dataset/WSI_LymphNode/LymphNode_HE_159.svs,aperio,40,0.26344099999999998,0.26344099999999998,4,1.0,,,,117365x78787,29341x19696,7335x4924,1833x1231,,,,,,
/N/project/wsiclass/Hancock_Dataset/WSI_LymphNode/LymphNode_HE_701.svs,aperio,40,0.26344099999999998,0.26344099999999998,3,1.0,,,,113012x64345,28253x16086,7063x4021,,,,,,,
/N/project/wsiclass/Hancock_Dataset/WSI_LymphNode/LymphNode_HE_581.svs,aperio,40,0.26344099999999998,0.26344099999999998,4,1.0,,,,136159x88283,34039x22070,8509x5517,2127x1379,,,,,,
/N/project/wsiclass/Hancock_Dataset/WSI_LymphNode/LymphNode_HE_089.svs,aperio,40,0.26344099999999998,0.26344099999999998,4,1.0,,,,121717x73050,30429x18262,7607x4565,1901x1141,,,,,,
/N/project/wsiclass/Hancock_Dataset/WSI_LymphNode/LymphNode_HE_109.svs,aperio,40,0.26344099999999998,0.26344099999999998,4,1.0,,,,95999x83931,23999x20982,5999x5245,1499x1311,,,,,,
/N/project/wsiclass/Hancock_Dataset/WSI_LymphNode/LymphNode_HE_180.svs,aperio,51.420499999999997,0.19447500000000001,0.19447500000000001,3,1.0,,,,98304x262144,24576x65536,6144x16384,,,,,,,
/N/project/wsiclass/Hancock_Dataset/WSI_LymphNode/LymphNode_HE_597.svs,aperio,40,0.26344099999999998,0.26344099999999998,4,1.0,,,,106879x88283,26719x22070,6679x5517,1669x1379,,,,,,
/N/project/wsiclass/Hancock_Dataset/WSI_LymphNode/LymphNode_HE_017.svs,aperio,51.420499999999997,0.19447500000000001,0.19447500000000001,3,1.0,,,,90112x118784,22528x29696,5632x7424,,,,,,,
/N/project/wsiclass/Hancock_Dataset/WSI_LymphNode/LymphNode_HE_121.svs,aperio,40,0.26344099999999998,0.26344099999999998,4,1.0,,,,146842x72456,36710x18114,9177x4528,2294x1132,,,,,,
/N/project/wsiclass/Hancock_Dataset/WSI_LymphNode/LymphNode_HE_749.svs,aperio,40,0.26344099999999998,0.26344099999999998,4,1.0,,,,91844x82942,22961x20735,5740x5183,1435x1295,,,,,,
/N/project/wsiclass/Hancock_Dataset/WSI_LymphNode/LymphNode_HE_548.svs,aperio,40,0.26344099999999998,0.26344099999999998,4,1.0,,,,105099x81755,26274x20438,6568x5109,1642x1277,,,,,,
/N/project/wsiclass/Hancock_Dataset/WSI_LymphNode/LymphNode_HE_663.svs,aperio,40,0.26344099999999998,0.26344099999999998,4,1.0,,,,98768x81161,24692x20290,6173x5072,1543x1268,,,,,,
/N/project/wsiclass/Hancock_Dataset/WSI_LymphNode/LymphNode_HE_073.svs,aperio,40,0.26344099999999998,0.26344099999999998,4,1.0,,,,133785x86305,33446x21576,8361x5394,2090x1348,,,,,,
/N/project/wsiclass/Hancock_Dataset/WSI_LymphNode/LymphNode_HE_592.svs,aperio,40,0.26344099999999998,0.26344099999999998,4,1.0,,,,110836x68104,27709x17026,6927x4256,1731x1064,,,,,,
/N/project/wsiclass/Hancock_Dataset/WSI_LymphNode/LymphNode_HE_492.svs,aperio,40,0.26344099999999998,0.26344099999999998,4,1.0,,,,108462x72456,27115x18114,6778x4528,1694x1132,,,,,,
/N/project/wsiclass/Hancock_Dataset/WSI_LymphNode/LymphNode_HE_096.svs,aperio,51.420499999999997,0.19447500000000001,0.19447500000000001,3,1.0,,,,118784x237568,29696x59392,7424x14848,,,,,,,
/N/project/wsiclass/Hancock_Dataset/WSI_LymphNode/LymphNode_HE_448.svs,aperio,40,0.26344099999999998,0.26344099999999998,4,1.0,,,,122706x78589,30676x19647,7669x4911,1917x1227,,,,,,
/N/project/wsiclass/Hancock_Dataset/WSI_LymphNode/LymphNode_HE_615.svs,aperio,51.420499999999997,0.19447500000000001,0.19447500000000001,3,1.0,,,,118784x217088,29696x54272,7424x13568,,,,,,,
/N/project/wsiclass/Hancock_Dataset/WSI_LymphNode/LymphNode_HE_054.svs,aperio,40,0.26344099999999998,0.26344099999999998,4,1.0,,,,124882x88283,31220x22070,7805x5517,1951x1379,,,,,,
/N/project/wsiclass/Hancock_Dataset/WSI_LymphNode/LymphNode_HE_303.svs,aperio,40,0.26344099999999998,0.26344099999999998,4,1.0,,,,107275x88283,26818x22070,6704x5517,1676x1379,,,,,,
/N/project/wsiclass/Hancock_Dataset/WSI_LymphNode/LymphNode_HE_349.svs,aperio,40,0.26344099999999998,0.26344099999999998,4,1.0,,,,117760x88283,29440x22070,7360x5517,1840x1379,,,,,,
/N/project/wsiclass/Hancock_Dataset/WSI_LymphNode/LymphNode_HE_204.svs,aperio,40,0.26344099999999998,0.26344099999999998,4,1.0,,,,93625x80765,23406x20191,5851x5047,1462x1261,,,,,,
/N/project/wsiclass/Hancock_Dataset/WSI_LymphNode/LymphNode_HE_012.svs,aperio,51.420499999999997,0.19447500000000001,0.19447500000000001,3,1.0,,,,118784x204800,29696x51200,7424x12800,,,,,,,
/N/project/wsiclass/Hancock_Dataset/WSI_LymphNode/LymphNode_HE_732.svs,aperio,40,0.26344099999999998,0.26344099999999998,4,1.0,,,,94218x75028,23554x18757,5888x4689,1472x1172,,,,,,
/N/project/wsiclass/Hancock_Dataset/WSI_LymphNode/LymphNode_HE_438.svs,aperio,51.420499999999997,0.19447500000000001,0.19447500000000001,3,1.0,,,,122880x184320,30720x46080,7680x11520,,,,,,,
/N/project/wsiclass/Hancock_Dataset/WSI_LymphNode/LymphNode_HE_228.svs,aperio,40,0.26344099999999998,0.26344099999999998,4,1.0,,,,111232x80370,27808x20092,6952x5023,1738x1255,,,,,,
/N/project/wsiclass/Hancock_Dataset/WSI_LymphNode/LymphNode_HE_469.svs,aperio,40,0.26344099999999998,0.26344099999999998,4,1.0,,,,124684x88283,31171x22070,7792x5517,1948x1379,,,,,,
/N/project/wsiclass/Hancock_Dataset/WSI_LymphNode/LymphNode_HE_617.svs,aperio,51.420499999999997,0.19447500000000001,0.19447500000000001,3,1.0,,,,118784x184320,29696x46080,7424x11520,,,,,,,
/N/project/wsiclass/Hancock_Dataset/WSI_LymphNode/LymphNode_HE_461.svs,aperio,40,0.26344099999999998,0.26344099999999998,4,1.0,,,,103121x69093,25780x17273,6445x4318,1611x1079,,,,,,
/N/project/wsiclass/Hancock_Dataset/WSI_LymphNode/LymphNode_HE_734.svs,aperio,40,0.26344099999999998,0.26344099999999998,4,1.0,,,,117562x88283,29390x22070,7347x5517,1836x1379,,,,,,
/N/project/wsiclass/Hancock_Dataset/WSI_LymphNode/LymphNode_HE_692.svs,aperio,40,0.26344099999999998,0.26344099999999998,4,1.0,,,,116969x88283,29242x22070,7310x5517,1827x1379,,,,,,
/N/project/wsiclass/Hancock_Dataset/WSI_LymphNode/LymphNode_HE_327.svs,aperio,40,0.26344099999999998,0.26344099999999998,4,1.0,,,,117562x87690,29390x21922,7347x5480,1836x1370,,,,,,
/N/project/wsiclass/Hancock_Dataset/WSI_LymphNode/LymphNode_HE_694.svs,aperio,51.420499999999997,0.19447500000000001,0.19447500000000001,3,1.0,,,,110592x200704,27648x50176,6912x12544,,,,,,,
/N/project/wsiclass/Hancock_Dataset/WSI_LymphNode/LymphNode_HE_276.svs,aperio,40,0.26344099999999998,0.26344099999999998,4,1.0,,,,122904x88283,30726x22070,7681x5517,1920x1379,,,,,,
/N/project/wsiclass/Hancock_Dataset/WSI_LymphNode/LymphNode_HE_715.svs,aperio,40,0.26344099999999998,0.26344099999999998,4,1.0,,,,121915x77996,30478x19499,7619x4874,1904x1218,,,,,,
/N/project/wsiclass/Hancock_Dataset/WSI_LymphNode/LymphNode_HE_268.svs,aperio,51.420499999999997,0.19447500000000001,0.19447500000000001,3,1.0,,,,118784x258048,29696x64512,7424x16128,,,,,,,
/N/project/wsiclass/Hancock_Dataset/WSI_LymphNode/LymphNode_HE_259.svs,aperio,40,0.26344099999999998,0.26344099999999998,4,1.0,,,,103318x74830,25829x18707,6457x4676,1614x1169,,,,,,
/N/project/wsiclass/Hancock_Dataset/WSI_LymphNode/LymphNode_HE_503.svs,aperio,40,0.26344099999999998,0.26344099999999998,4,1.0,,,,113606x88283,28401x22070,7100x5517,1775x1379,,,,,,
/N/project/wsiclass/Hancock_Dataset/WSI_LymphNode/LymphNode_HE_383.svs,aperio,40,0.26344099999999998,0.26344099999999998,4,1.0,,,,106484x80370,26621x20092,6655x5023,1663x1255,,,,,,
/N/project/wsiclass/Hancock_Dataset/WSI_LymphNode/LymphNode_HE_688.svs,aperio,51.420499999999997,0.19447500000000001,0.19447500000000001,3,1.0,,,,118784x196608,29696x49152,7424x12288,,,,,,,
/N/project/wsiclass/Hancock_Dataset/WSI_LymphNode/LymphNode_HE_339.svs,aperio,40,0.26344099999999998,0.26344099999999998,4,1.0,,,,100944x69885,25236x17471,6309x4367,1577x1091,,,,,,
/N/project/wsiclass/Hancock_Dataset/WSI_LymphNode/LymphNode_HE_024.svs,aperio,40,0.26344099999999998,0.26344099999999998,4,1.0,,,,89668x82348,22417x20587,5604x5146,1401x1286,,,,,,
/N/project/wsiclass/Hancock_Dataset/WSI_LymphNode/LymphNode_HE_478.svs,aperio,40,0.26344099999999998,0.26344099999999998,4,1.0,,,,111232x79578,27808x19894,6952x4973,1738x1243,,,,,,
/N/project/wsiclass/Hancock_Dataset/WSI_LymphNode/LymphNode_HE_761.svs,aperio,40,0.26344099999999998,0.26344099999999998,4,1.0,,,,87887x74633,21971x18658,5492x4664,1373x1166,,,,,,
/N/project/wsiclass/Hancock_Dataset/WSI_LymphNode/LymphNode_HE_437.svs,aperio,51.420499999999997,0.19447500000000001,0.19447500000000001,3,1.0,,,,110592x188416,27648x47104,6912x11776,,,,,,,
/N/project/wsiclass/Hancock_Dataset/WSI_LymphNode/LymphNode_HE_537.svs,aperio,40,0.26344099999999998,0.26344099999999998,4,1.0,,,,104703x88283,26175x22070,6543x5517,1635x1379,,,,,,
/N/project/wsiclass/Hancock_Dataset/WSI_LymphNode/LymphNode_HE_157.svs,aperio,51.420499999999997,0.19447500000000001,0.19447500000000001,3,1.0,,,,122880x192512,30720x48128,7680x12032,,,,,,,
/N/project/wsiclass/Hancock_Dataset/WSI_LymphNode/LymphNode_HE_395.svs,aperio,51.420499999999997,0.19447500000000001,0.19447500000000001,3,1.0,,,,118784x180224,29696x45056,7424x11264,,,,,,,
/N/project/wsiclass/Hancock_Dataset/WSI_LymphNode/LymphNode_HE_081.svs,aperio,40,0.26344099999999998,0.26344099999999998,4,1.0,,,,98175x88283,24543x22070,6135x5517,1533x1379,,,,,,
/N/project/wsiclass/Hancock_Dataset/WSI_LymphNode/LymphNode_HE_736.svs,aperio,40,0.26344099999999998,0.26344099999999998,4,1.0,,,,83931x71072,20982x17768,5245x4442,1311x1110,,,,,,
/N/project/wsiclass/Hancock_Dataset/WSI_LymphNode/LymphNode_HE_717.svs,aperio,40,0.26344099999999998,0.26344099999999998,4,1.0,,,,120332x81755,30083x20438,7520x5109,1880x1277,,,,,,
/N/project/wsiclass/Hancock_Dataset/WSI_LymphNode/LymphNode_HE_453.svs,aperio,51.420499999999997,0.19447500000000001,0.19447500000000001,3,1.0,,,,110592x212992,27648x53248,6912x13312,,,,,,,
/N/project/wsiclass/Hancock_Dataset/WSI_LymphNode/LymphNode_HE_239.svs,aperio,40,0.26344099999999998,0.26344099999999998,4,1.0,,,,119343x78985,29835x19746,7458x4936,1864x1234,,,,,,
/N/project/wsiclass/Hancock_Dataset/WSI_LymphNode/LymphNode_HE_633.svs,aperio,40,0.26344099999999998,0.26344099999999998,4,1.0,,,,124289x84129,31072x21032,7768x5258,1942x1314,,,,,,
/N/project/wsiclass/Hancock_Dataset/WSI_LymphNode/LymphNode_HE_182.svs,aperio,51.420499999999997,0.19447500000000001,0.19447500000000001,3,1.0,,,,118784x180224,29696x45056,7424x11264,,,,,,,
/N/project/wsiclass/Hancock_Dataset/WSI_LymphNode/LymphNode_HE_181.svs,aperio,51.420499999999997,0.19447500000000001,0.19447500000000001,3,1.0,,,,118784x176128,29696x44032,7424x11008,,,,,,,
/N/project/wsiclass/Hancock_Dataset/WSI_LymphNode/LymphNode_HE_071.svs,aperio,40,0.26344099999999998,0.26344099999999998,4,1.0,,,,79578x72852,19894x18213,4973x4553,1243x1138,,,,,,
/N/project/wsiclass/Hancock_Dataset/WSI_LymphNode/LymphNode_HE_039.svs,aperio,40,0.26344099999999998,0.26344099999999998,4,1.0,,,,117562x88283,29390x22070,7347x5517,1836x1379,,,,,,
/N/project/wsiclass/Hancock_Dataset/WSI_LymphNode/LymphNode_HE_405.svs,aperio,40,0.26344099999999998,0.26344099999999998,4,1.0,,,,138335x88283,34583x22070,8645x5517,2161x1379,,,,,,
/N/project/wsiclass/Hancock_Dataset/WSI_LymphNode/LymphNode_HE_064.svs,aperio,40,0.26344099999999998,0.26344099999999998,4,1.0,,,,98966x78589,24741x19647,6185x4911,1546x1227,,,,,,
/N/project/wsiclass/Hancock_Dataset/WSI_LymphNode/LymphNode_HE_590.svs,aperio,40,0.26344099999999998,0.26344099999999998,4,1.0,,,,132400x88283,33100x22070,8275x5517,2068x1379,,,,,,
/N/project/wsiclass/Hancock_Dataset/WSI_LymphNode/LymphNode_HE_439.svs,aperio,40,0.26344099999999998,0.26344099999999998,4,1.0,,,,94614x69885,23653x17471,5913x4367,1478x1091,,,,,,
/N/project/wsiclass/Hancock_Dataset/WSI_LymphNode/LymphNode_HE_711.svs,aperio,51.420499999999997,0.19447500000000001,0.19447500000000001,3,1.0,,,,114688x184320,28672x46080,7168x11520,,,,,,,
/N/project/wsiclass/Hancock_Dataset/WSI_LymphNode/LymphNode_HE_257.svs,aperio,40,0.26344099999999998,0.26344099999999998,4,1.0,,,,143478x79578,35869x19894,8967x4973,2241x1243,,,,,,
/N/project/wsiclass/Hancock_Dataset/WSI_LymphNode/LymphNode_HE_631.svs,aperio,51.420499999999997,0.19447500000000001,0.19447500000000001,3,1.0,,,,114688x217088,28672x54272,7168x13568,,,,,,,
/N/project/wsiclass/Hancock_Dataset/WSI_LymphNode/LymphNode_HE_727.svs,aperio,40,0.26344099999999998,0.26344099999999998,3,1.0,,,,113408x56828,28352x14207,7088x3551,,,,,,,
/N/project/wsiclass/Hancock_Dataset/WSI_LymphNode/LymphNode_HE_141.svs,aperio,40,0.26344099999999998,0.26344099999999998,4,1.0,,,,133389x88283,33347x22070,8336x5517,2084x1379,,,,,,
/N/project/wsiclass/Hancock_Dataset/WSI_LymphNode/LymphNode_HE_640.svs,aperio,51.420499999999997,0.19447500000000001,0.19447500000000001,3,1.0,,,,114688x208896,28672x52224,7168x13056,,,,,,,
/N/project/wsiclass/Hancock_Dataset/WSI_LymphNode/LymphNode_HE_018.svs,aperio,51.420499999999997,0.19447500000000001,0.19447500000000001,3,1.0,,,,118784x204800,29696x51200,7424x12800,,,,,,,
/N/project/wsiclass/Hancock_Dataset/WSI_LymphNode/LymphNode_HE_681.svs,aperio,51.420499999999997,0.19447500000000001,0.19447500000000001,3,1.0,,,,118784x192512,29696x48128,7424x12032,,,,,,,
/N/project/wsiclass/Hancock_Dataset/WSI_LymphNode/LymphNode_HE_042.svs,aperio,40,0.26344099999999998,0.26344099999999998,4,1.0,,,,91251x82546,22812x20636,5703x5159,1425x1289,,,,,,
/N/project/wsiclass/Hancock_Dataset/WSI_LymphNode/LymphNode_HE_199.svs,aperio,51.420499999999997,0.19447500000000001,0.19447500000000001,3,1.0,,,,122880x204800,30720x51200,7680x12800,,,,,,,
/N/project/wsiclass/Hancock_Dataset/WSI_LymphNode/LymphNode_HE_316.svs,aperio,40,0.26344099999999998,0.26344099999999998,4,1.0,,,,110243x84524,27560x21131,6890x5282,1722x1320,,,,,,
/N/project/wsiclass/Hancock_Dataset/WSI_LymphNode/LymphNode_HE_744.svs,aperio,40,0.26344099999999998,0.26344099999999998,4,1.0,,,,124289x88283,31072x22070,7768x5517,1942x1379,,,,,,
/N/project/wsiclass/Hancock_Dataset/WSI_LymphNode/LymphNode_HE_614.svs,aperio,40,0.26344099999999998,0.26344099999999998,4,1.0,,,,110243x88283,27560x22070,6890x5517,1722x1379,,,,,,
/N/project/wsiclass/Hancock_Dataset/WSI_LymphNode/LymphNode_HE_341.svs,aperio,51.420499999999997,0.19447500000000001,0.19447500000000001,3,1.0,,,,118784x204800,29696x51200,7424x12800,,,,,,,
/N/project/wsiclass/Hancock_Dataset/WSI_LymphNode/LymphNode_HE_655.svs,aperio,51.420499999999997,0.19447500000000001,0.19447500000000001,3,1.0,,,,118784x200704,29696x50176,7424x12544,,,,,,,
/N/project/wsiclass/Hancock_Dataset/WSI_LymphNode/LymphNode_HE_538.svs,aperio,51.420499999999997,0.19447500000000001,0.19447500000000001,3,1.0,,,,114688x200704,28672x50176,7168x12544,,,,,,,
/N/project/wsiclass/Hancock_Dataset/WSI_LymphNode/LymphNode_HE_037.svs,aperio,40,0.26344099999999998,0.26344099999999998,4,1.0,,,,119541x88283,29885x22070,7471x5517,1867x1379,,,,,,
/N/project/wsiclass/Hancock_Dataset/WSI_LymphNode/LymphNode_HE_583.svs,aperio,40,0.26344099999999998,0.26344099999999998,4,1.0,,,,107275x85909,26818x21477,6704x5369,1676x1342,,,,,,
/N/project/wsiclass/Hancock_Dataset/WSI_LymphNode/LymphNode_HE_441.svs,aperio,51.420499999999997,0.19447500000000001,0.19447500000000001,3,1.0,,,,118784x204800,29696x51200,7424x12800,,,,,,,
/N/project/wsiclass/Hancock_Dataset/WSI_LymphNode/LymphNode_HE_419.svs,aperio,40,0.26344099999999998,0.26344099999999998,4,1.0,,,,109451x88283,27362x22070,6840x5517,1710x1379,,,,,,
/N/project/wsiclass/Hancock_Dataset/WSI_LymphNode/LymphNode_HE_329.svs,aperio,40,0.26344099999999998,0.26344099999999998,4,1.0,,,,100747x79974,25186x19993,6296x4998,1574x1249,,,,,,
/N/project/wsiclass/Hancock_Dataset/WSI_LymphNode/LymphNode_HE_361.svs,aperio,40,0.26344099999999998,0.26344099999999998,4,1.0,,,,95405x80765,23851x20191,5962x5047,1490x1261,,,,,,
/N/project/wsiclass/Hancock_Dataset/WSI_LymphNode/LymphNode_HE_379.svs,aperio,51.420499999999997,0.19447500000000001,0.19447500000000001,3,1.0,,,,118784x204800,29696x51200,7424x12800,,,,,,,
/N/project/wsiclass/Hancock_Dataset/WSI_LymphNode/LymphNode_HE_608.svs,aperio,40,0.26344099999999998,0.26344099999999998,4,1.0,,,,127652x79381,31913x19845,7978x4961,1994x1240,,,,,,
/N/project/wsiclass/Hancock_Dataset/WSI_LymphNode/LymphNode_HE_609.svs,aperio,40,0.26344099999999998,0.26344099999999998,4,1.0,,,,91844x78787,22961x19696,5740x4924,1435x1231,,,,,,
/N/project/wsiclass/Hancock_Dataset/WSI_LymphNode/LymphNode_HE_189.svs,aperio,51.420499999999997,0.19447500000000001,0.19447500000000001,3,1.0,,,,118784x204800,29696x51200,7424x12800,,,,,,,
/N/project/wsiclass/Hancock_Dataset/WSI_LymphNode/LymphNode_HE_759.svs,aperio,40,0.26344099999999998,0.26344099999999998,4,1.0,,,,117562x86305,29390x21576,7347x5394,1836x1348,,,,,,
/N/project/wsiclass/Hancock_Dataset/WSI_LymphNode/LymphNode_HE_011.svs,aperio,40,0.26344099999999998,0.26344099999999998,4,1.0,,,,83337x73050,20834x18262,5208x4565,1302x1141,,,,,,
/N/project/wsiclass/Hancock_Dataset/WSI_LymphNode/LymphNode_HE_602.svs,aperio,40,0.26344099999999998,0.26344099999999998,4,1.0,,,,104901x88283,26225x22070,6556x5517,1639x1379,,,,,,
/N/project/wsiclass/Hancock_Dataset/WSI_LymphNode/LymphNode_HE_002.svs,aperio,51.420499999999997,0.19447500000000001,0.19447500000000001,3,1.0,,,,118784x196608,29696x49152,7424x12288,,,,,,,
/N/project/wsiclass/Hancock_Dataset/WSI_LymphNode/LymphNode_HE_315.svs,aperio,51.420499999999997,0.19447500000000001,0.19447500000000001,3,1.0,,,,118784x200704,29696x50176,7424x12544,,,,,,,
/N/project/wsiclass/Hancock_Dataset/WSI_LymphNode/LymphNode_HE_487.svs,aperio,40,0.26344099999999998,0.26344099999999998,4,1.0,,,,141896x88283,35474x22070,8868x5517,2217x1379,,,,,,
/N/project/wsiclass/Hancock_Dataset/WSI_LymphNode/LymphNode_HE_427.svs,aperio,40,0.26344099999999998,0.26344099999999998,4,1.0,,,,130619x83139,32654x20784,8163x5196,2040x1299,,,,,,
/N/project/wsiclass/Hancock_Dataset/WSI_LymphNode/LymphNode_HE_322.svs,aperio,40,0.26344099999999998,0.26344099999999998,4,1.0,,,,96790x88283,24197x22070,6049x5517,1512x1379,,,,,,
/N/project/wsiclass/Hancock_Dataset/WSI_LymphNode/LymphNode_HE_048.svs,aperio,40,0.26344099999999998,0.26344099999999998,4,1.0,,,,104110x88283,26027x22070,6506x5517,1626x1379,,,,,,
/N/project/wsiclass/Hancock_Dataset/WSI_LymphNode/LymphNode_HE_047.svs,aperio,40,0.26344099999999998,0.26344099999999998,4,1.0,,,,113606x88283,28401x22070,7100x5517,1775x1379,,,,,,
/N/project/wsiclass/Hancock_Dataset/WSI_LymphNode/LymphNode_HE_254.svs,aperio,40,0.26344099999999998,0.26344099999999998,4,1.0,,,,88877x77402,22219x19350,5554x4837,1388x1209,,,,,,
/N/project/wsiclass/Hancock_Dataset/WSI_LymphNode/LymphNode_HE_304.svs,aperio,40,0.26344099999999998,0.26344099999999998,4,1.0,,,,96592x87294,24148x21823,6037x5455,1509x1363,,,,,,
/N/project/wsiclass/Hancock_Dataset/WSI_LymphNode/LymphNode_HE_612.svs,aperio,40,0.26344099999999998,0.26344099999999998,4,1.0,,,,99955x79183,24988x19795,6247x4948,1561x1237,,,,,,
/N/project/wsiclass/Hancock_Dataset/WSI_LymphNode/LymphNode_HE_112.svs,aperio,40,0.26344099999999998,0.26344099999999998,4,1.0,,,,117562x87096,29390x21774,7347x5443,1836x1360,,,,,,
/N/project/wsiclass/Hancock_Dataset/WSI_LymphNode/LymphNode_HE_652.svs,aperio,51.420499999999997,0.19447500000000001,0.19447500000000001,3,1.0,,,,118784x204800,29696x51200,7424x12800,,,,,,,
/N/project/wsiclass/Hancock_Dataset/WSI_LymphNode/LymphNode_HE_087.svs,aperio,51.420499999999997,0.19447500000000001,0.19447500000000001,3,1.0,,,,118784x204800,29696x51200,7424x12800,,,,,,,
/N/project/wsiclass/Hancock_Dataset/WSI_LymphNode/LymphNode_HE_201.svs,aperio,40,0.26344099999999998,0.26344099999999998,4,1.0,,,,157129x88283,39282x22070,9820x5517,2455x1379,,,,,,
/N/project/wsiclass/Hancock_Dataset/WSI_LymphNode/LymphNode_HE_284.svs,aperio,40,0.26344099999999998,0.26344099999999998,4,1.0,,,,88679x88283,22169x22070,5542x5517,1385x1379,,,,,,
/N/project/wsiclass/Hancock_Dataset/WSI_LymphNode/LymphNode_HE_561.svs,aperio,40,0.26344099999999998,0.26344099999999998,4,1.0,,,,111232x88283,27808x22070,6952x5517,1738x1379,,,,,,
/N/project/wsiclass/Hancock_Dataset/WSI_LymphNode/LymphNode_HE_707.svs,aperio,40,0.26344099999999998,0.26344099999999998,4,1.0,,,,101538x83337,25384x20834,6346x5208,1586x1302,,,,,,
/N/project/wsiclass/Hancock_Dataset/WSI_LymphNode/LymphNode_HE_671.svs,aperio,40,0.26344099999999998,0.26344099999999998,4,1.0,,,,78985x82546,19746x20636,4936x5159,1234x1289,,,,,,
/N/project/wsiclass/Hancock_Dataset/WSI_LymphNode/LymphNode_HE_509.svs,aperio,40,0.26344099999999998,0.26344099999999998,4,1.0,,,,129432x88283,32358x22070,8089x5517,2022x1379,,,,,,
/N/project/wsiclass/Hancock_Dataset/WSI_LymphNode/LymphNode_HE_471.svs,aperio,40,0.26344099999999998,0.26344099999999998,4,1.0,,,,121915x88283,30478x22070,7619x5517,1904x1379,,,,,,
/N/project/wsiclass/Hancock_Dataset/WSI_LymphNode/LymphNode_HE_442.svs,aperio,40,0.26344099999999998,0.26344099999999998,3,1.0,,,,126465x65334,31616x16333,7904x4083,,,,,,,
/N/project/wsiclass/Hancock_Dataset/WSI_LymphNode/LymphNode_HE_290.svs,aperio,51.420499999999997,0.19447500000000001,0.19447500000000001,3,1.0,,,,114688x135168,28672x33792,7168x8448,,,,,,,
/N/project/wsiclass/Hancock_Dataset/WSI_LymphNode/LymphNode_HE_165.svs,aperio,51.420499999999997,0.19447500000000001,0.19447500000000001,3,1.0,,,,118784x212992,29696x53248,7424x13312,,,,,,,
/N/project/wsiclass/Hancock_Dataset/WSI_LymphNode/LymphNode_HE_264.svs,aperio,51.420499999999997,0.19447500000000001,0.19447500000000001,3,1.0,,,,118784x208896,29696x52224,7424x13056,,,,,,,
/N/project/wsiclass/Hancock_Dataset/WSI_LymphNode/LymphNode_HE_333.svs,aperio,51.420499999999997,0.19447500000000001,0.19447500000000001,3,1.0,,,,118784x180224,29696x45056,7424x11264,,,,,,,
/N/project/wsiclass/Hancock_Dataset/WSI_LymphNode/LymphNode_HE_271.svs,aperio,40,0.26344099999999998,0.26344099999999998,4,1.0,,,,125674x88283,31418x22070,7854x5517,1963x1379,,,,,,
/N/project/wsiclass/Hancock_Dataset/WSI_LymphNode/LymphNode_HE_424.svs,aperio,40,0.26344099999999998,0.26344099999999998,4,1.0,,,,119936x83139,29984x20784,7496x5196,1874x1299,,,,,,
/N/project/wsiclass/Hancock_Dataset/WSI_LymphNode/LymphNode_HE_053.svs,aperio,40,0.26344099999999998,0.26344099999999998,4,1.0,,,,144072x88283,36018x22070,9004x5517,2251x1379,,,,,,
/N/project/wsiclass/Hancock_Dataset/WSI_LymphNode/LymphNode_HE_107.svs,aperio,40,0.26344099999999998,0.26344099999999998,4,1.0,,,,135565x88283,33891x22070,8472x5517,2118x1379,,,,,,
/N/project/wsiclass/Hancock_Dataset/WSI_LymphNode/LymphNode_HE_668.svs,aperio,40,0.26344099999999998,0.26344099999999998,4,1.0,,,,118156x77204,29539x19301,7384x4825,1846x1206,,,,,,
/N/project/wsiclass/Hancock_Dataset/WSI_LymphNode/LymphNode_HE_286.svs,aperio,40,0.26344099999999998,0.26344099999999998,4,1.0,,,,161877x88283,40469x22070,10117x5517,2529x1379,,,,,,
/N/project/wsiclass/Hancock_Dataset/WSI_LymphNode/LymphNode_HE_414.svs,aperio,40,0.26344099999999998,0.26344099999999998,4,1.0,,,,108660x83733,27165x20933,6791x5233,1697x1308,,,,,,
/N/project/wsiclass/Hancock_Dataset/WSI_LymphNode/LymphNode_HE_624.svs,aperio,40,0.26344099999999998,0.26344099999999998,4,1.0,,,,118354x88283,29588x22070,7397x5517,1849x1379,,,,,,
/N/project/wsiclass/Hancock_Dataset/WSI_LymphNode/LymphNode_HE_490.svs,aperio,40,0.26344099999999998,0.26344099999999998,4,1.0,,,,106682x88283,26670x22070,6667x5517,1666x1379,,,,,,
/N/project/wsiclass/Hancock_Dataset/WSI_LymphNode/LymphNode_HE_034.svs,aperio,40,0.26344099999999998,0.26344099999999998,4,1.0,,,,124487x88283,31121x22070,7780x5517,1945x1379,,,,,,
/N/project/wsiclass/Hancock_Dataset/WSI_LymphNode/LymphNode_HE_464.svs,aperio,40,0.26344099999999998,0.26344099999999998,4,1.0,,,,89272x67313,22318x16828,5579x4207,1394x1051,,,,,,
/N/project/wsiclass/Hancock_Dataset/WSI_LymphNode/LymphNode_HE_704.svs,aperio,40,0.26344099999999998,0.26344099999999998,4,1.0,,,,120134x69291,30033x17322,7508x4330,1877x1082,,,,,,
/N/project/wsiclass/Hancock_Dataset/WSI_LymphNode/LymphNode_HE_314.svs,aperio,40,0.26344099999999998,0.26344099999999998,4,1.0,,,,93427x72259,23356x18064,5839x4516,1459x1129,,,,,,
/N/project/wsiclass/Hancock_Dataset/WSI_LymphNode/LymphNode_HE_563.svs,aperio,40,0.26344099999999998,0.26344099999999998,4,1.0,,,,88679x65928,22169x16482,5542x4120,1385x1030,,,,,,
/N/project/wsiclass/Hancock_Dataset/WSI_LymphNode/LymphNode_HE_446.svs,aperio,51.420499999999997,0.19447500000000001,0.19447500000000001,3,1.0,,,,102400x167936,25600x41984,6400x10496,,,,,,,
/N/project/wsiclass/Hancock_Dataset/WSI_LymphNode/LymphNode_HE_358.svs,aperio,40,0.26344099999999998,0.26344099999999998,4,1.0,,,,122113x80765,30528x20191,7632x5047,1908x1261,,,,,,
/N/project/wsiclass/Hancock_Dataset/WSI_LymphNode/LymphNode_HE_332.svs,aperio,40,0.26344099999999998,0.26344099999999998,4,1.0,,,,112023x80370,28005x20092,7001x5023,1750x1255,,,,,,
/N/project/wsiclass/Hancock_Dataset/WSI_LymphNode/LymphNode_HE_266.svs,aperio,51.420499999999997,0.19447500000000001,0.19447500000000001,3,1.0,,,,114688x200704,28672x50176,7168x12544,,,,,,,
/N/project/wsiclass/Hancock_Dataset/WSI_LymphNode/LymphNode_HE_729.svs,aperio,40,0.26344099999999998,0.26344099999999998,4,1.0,,,,99757x88283,24939x22070,6234x5517,1558x1379,,,,,,
/N/project/wsiclass/Hancock_Dataset/WSI_LymphNode/LymphNode_HE_191.svs,aperio,40,0.26344099999999998,0.26344099999999998,4,1.0,,,,122310x87294,30577x21823,7644x5455,1911x1363,,,,,,
/N/project/wsiclass/Hancock_Dataset/WSI_LymphNode/LymphNode_HE_130.svs,aperio,51.420499999999997,0.19447500000000001,0.19447500000000001,3,1.0,,,,114688x262144,28672x65536,7168x16384,,,,,,,
/N/project/wsiclass/Hancock_Dataset/WSI_LymphNode/LymphNode_HE_521.svs,aperio,51.420499999999997,0.19447500000000001,0.19447500000000001,3,1.0,,,,118784x225280,29696x56320,7424x14080,,,,,,,
/N/project/wsiclass/Hancock_Dataset/WSI_LymphNode/LymphNode_HE_388.svs,aperio,51.420499999999997,0.19447500000000001,0.19447500000000001,3,1.0,,,,118784x184320,29696x46080,7424x11520,,,,,,,
/N/project/wsiclass/Hancock_Dataset/WSI_LymphNode/LymphNode_HE_269.svs,aperio,40,0.26344099999999998,0.26344099999999998,4,1.0,,,,123102x88283,30775x22070,7693x5517,1923x1379,,,,,,
/N/project/wsiclass/Hancock_Dataset/WSI_LymphNode/LymphNode_HE_210.svs,aperio,51.420499999999997,0.19447500000000001,0.19447500000000001,3,1.0,,,,118784x221184,29696x55296,7424x13824,,,,,,,
/N/project/wsiclass/Hancock_Dataset/WSI_LymphNode/LymphNode_HE_547.svs,aperio,40,0.26344099999999998,0.26344099999999998,4,1.0,,,,143874x83139,35968x20784,8992x5196,2248x1299,,,,,,
/N/project/wsiclass/Hancock_Dataset/WSI_LymphNode/LymphNode_HE_644.svs,aperio,40,0.26344099999999998,0.26344099999999998,4,1.0,,,,148029x85316,37007x21329,9251x5332,2312x1333,,,,,,
/N/project/wsiclass/Hancock_Dataset/WSI_LymphNode/LymphNode_HE_762.svs,aperio,40,0.26344099999999998,0.26344099999999998,4,1.0,,,,94416x83733,23604x20933,5901x5233,1475x1308,,,,,,
/N/project/wsiclass/Hancock_Dataset/WSI_LymphNode/LymphNode_HE_541.svs,aperio,51.420499999999997,0.19447500000000001,0.19447500000000001,3,1.0,,,,114688x200704,28672x50176,7168x12544,,,,,,,
/N/project/wsiclass/Hancock_Dataset/WSI_LymphNode/LymphNode_HE_627.svs,aperio,40,0.26344099999999998,0.26344099999999998,4,1.0,,,,130422x88283,32605x22070,8151x5517,2037x1379,,,,,,
/N/project/wsiclass/Hancock_Dataset/WSI_LymphNode/LymphNode_HE_591.svs,aperio,40,0.26344099999999998,0.26344099999999998,3,1.0,,,,109649x65532,27412x16383,6853x4095,,,,,,,
/N/project/wsiclass/Hancock_Dataset/WSI_LymphNode/LymphNode_HE_738.svs,aperio,51.420499999999997,0.19447500000000001,0.19447500000000001,3,1.0,,,,118784x180224,29696x45056,7424x11264,,,,,,,
/N/project/wsiclass/Hancock_Dataset/WSI_LymphNode/LymphNode_HE_270.svs,aperio,51.420499999999997,0.19447500000000001,0.19447500000000001,3,1.0,,,,118784x90112,29696x22528,7424x5632,,,,,,,
/N/project/wsiclass/Hancock_Dataset/WSI_LymphNode/LymphNode_HE_090.svs,aperio,40,0.26344099999999998,0.26344099999999998,4,1.0,,,,126861x82348,31715x20587,7928x5146,1982x1286,,,,,,
/N/project/wsiclass/Hancock_Dataset/WSI_LymphNode/LymphNode_HE_236.svs,aperio,40,0.26344099999999998,0.26344099999999998,4,1.0,,,,138730x77798,34682x19449,8670x4862,2167x1215,,,,,,
/N/project/wsiclass/Hancock_Dataset/WSI_LymphNode/LymphNode_HE_753.svs,aperio,40,0.26344099999999998,0.26344099999999998,4,1.0,,,,89272x88283,22318x22070,5579x5517,1394x1379,,,,,,
/N/project/wsiclass/Hancock_Dataset/WSI_LymphNode/LymphNode_HE_105.svs,aperio,51.420499999999997,0.19447500000000001,0.19447500000000001,3,1.0,,,,118784x204800,29696x51200,7424x12800,,,,,,,
/N/project/wsiclass/Hancock_Dataset/WSI_LymphNode/LymphNode_HE_150.svs,aperio,40,0.26344099999999998,0.26344099999999998,4,1.0,,,,125674x82546,31418x20636,7854x5159,1963x1289,,,,,,
/N/project/wsiclass/Hancock_Dataset/WSI_LymphNode/LymphNode_HE_282.svs,aperio,51.420499999999997,0.19447500000000001,0.19447500000000001,3,1.0,,,,118784x163840,29696x40960,7424x10240,,,,,,,
/N/project/wsiclass/Hancock_Dataset/WSI_LymphNode/LymphNode_HE_572.svs,aperio,40,0.26344099999999998,0.26344099999999998,4,1.0,,,,120332x88283,30083x22070,7520x5517,1880x1379,,,,,,
/N/project/wsiclass/Hancock_Dataset/WSI_LymphNode/LymphNode_HE_420.svs,aperio,40,0.26344099999999998,0.26344099999999998,4,1.0,,,,116573x80963,29143x20240,7285x5060,1821x1265,,,,,,
/N/project/wsiclass/Hancock_Dataset/WSI_LymphNode/LymphNode_HE_348.svs,aperio,51.420499999999997,0.19447500000000001,0.19447500000000001,3,1.0,,,,118784x122880,29696x30720,7424x7680,,,,,,,
/N/project/wsiclass/Hancock_Dataset/WSI_LymphNode/LymphNode_HE_523.svs,aperio,40,0.26344099999999998,0.26344099999999998,4,1.0,,,,107077x87096,26769x21774,6692x5443,1673x1360,,,,,,
/N/project/wsiclass/Hancock_Dataset/WSI_LymphNode/LymphNode_HE_724.svs,aperio,51.420499999999997,0.19447500000000001,0.19447500000000001,3,1.0,,,,118784x180224,29696x45056,7424x11264,,,,,,,
/N/project/wsiclass/Hancock_Dataset/WSI_LymphNode/LymphNode_HE_746.svs,aperio,40,0.26344099999999998,0.26344099999999998,4,1.0,,,,94416x88283,23604x22070,5901x5517,1475x1379,,,,,,
/N/project/wsiclass/Hancock_Dataset/WSI_LymphNode/LymphNode_HE_374.svs,aperio,51.420499999999997,0.19447500000000001,0.19447500000000001,3,1.0,,,,110592x225280,27648x56320,6912x14080,,,,,,,
/N/project/wsiclass/Hancock_Dataset/WSI_LymphNode/LymphNode_HE_262.svs,aperio,51.420499999999997,0.19447500000000001,0.19447500000000001,3,1.0,,,,86016x155648,21504x38912,5376x9728,,,,,,,
/N/project/wsiclass/Hancock_Dataset/WSI_LymphNode/LymphNode_HE_295.svs,aperio,51.420499999999997,0.19447500000000001,0.19447500000000001,3,1.0,,,,118784x229376,29696x57344,7424x14336,,,,,,,
/N/project/wsiclass/Hancock_Dataset/WSI_LymphNode/LymphNode_HE_725.svs,aperio,51.420499999999997,0.19447500000000001,0.19447500000000001,3,1.0,,,,110592x258048,27648x64512,6912x16128,,,,,,,
/N/project/wsiclass/Hancock_Dataset/WSI_LymphNode/LymphNode_HE_001.svs,aperio,40,0.26344099999999998,0.26344099999999998,4,1.0,,,,101340x71072,25335x17768,6333x4442,1583x1110,,,,,,
/N/project/wsiclass/Hancock_Dataset/WSI_LymphNode/LymphNode_HE_362.svs,aperio,51.420499999999997,0.19447500000000001,0.19447500000000001,3,1.0,,,,106496x172032,26624x43008,6656x10752,,,,,,,
/N/project/wsiclass/Hancock_Dataset/WSI_LymphNode/LymphNode_HE_218.svs,aperio,51.420499999999997,0.19447500000000001,0.19447500000000001,3,1.0,,,,118784x237568,29696x59392,7424x14848,,,,,,,
/N/project/wsiclass/Hancock_Dataset/WSI_LymphNode/LymphNode_HE_570.svs,aperio,40,0.26344099999999998,0.26344099999999998,4,1.0,,,,135961x81755,33990x20438,8497x5109,2124x1277,,,,,,
/N/project/wsiclass/Hancock_Dataset/WSI_LymphNode/LymphNode_HE_274.svs,aperio,51.420499999999997,0.19447500000000001,0.19447500000000001,3,1.0,,,,118784x229376,29696x57344,7424x14336,,,,,,,
/N/project/wsiclass/Hancock_Dataset/WSI_LymphNode/LymphNode_HE_390.svs,aperio,40,0.26344099999999998,0.26344099999999998,4,1.0,,,,135169x88283,33792x22070,8448x5517,2112x1379,,,,,,
/N/project/wsiclass/Hancock_Dataset/WSI_LymphNode/LymphNode_HE_588.svs,aperio,51.420499999999997,0.19447500000000001,0.19447500000000001,3,1.0,,,,118784x204800,29696x51200,7424x12800,,,,,,,
/N/project/wsiclass/Hancock_Dataset/WSI_LymphNode/LymphNode_HE_532.svs,aperio,51.420499999999997,0.19447500000000001,0.19447500000000001,3,1.0,,,,110592x196608,27648x49152,6912x12288,,,,,,,
/N/project/wsiclass/Hancock_Dataset/WSI_LymphNode/LymphNode_HE_059.svs,aperio,40,0.26344099999999998,0.26344099999999998,4,1.0,,,,107671x76017,26917x19004,6729x4751,1682x1187,,,,,,
/N/project/wsiclass/Hancock_Dataset/WSI_LymphNode/LymphNode_HE_020.svs,aperio,40,0.26344099999999998,0.26344099999999998,4,1.0,,,,95603x66126,23900x16531,5975x4132,1493x1033,,,,,,
/N/project/wsiclass/Hancock_Dataset/WSI_LymphNode/LymphNode_HE_709.svs,aperio,51.420499999999997,0.19447500000000001,0.19447500000000001,3,1.0,,,,81920x135168,20480x33792,5120x8448,,,,,,,
/N/project/wsiclass/Hancock_Dataset/WSI_LymphNode/LymphNode_HE_147.svs,aperio,51.420499999999997,0.19447500000000001,0.19447500000000001,3,1.0,,,,118784x204800,29696x51200,7424x12800,,,,,,,
/N/project/wsiclass/Hancock_Dataset/WSI_LymphNode/LymphNode_HE_686.svs,aperio,51.420499999999997,0.19447500000000001,0.19447500000000001,3,1.0,,,,118784x229376,29696x57344,7424x14336,,,,,,,
/N/project/wsiclass/Hancock_Dataset/WSI_LymphNode/LymphNode_HE_751.svs,aperio,40,0.26344099999999998,0.26344099999999998,4,1.0,,,,119739x87294,29934x21823,7483x5455,1870x1363,,,,,,
/N/project/wsiclass/Hancock_Dataset/WSI_LymphNode/LymphNode_HE_712.svs,aperio,40,0.26344099999999998,0.26344099999999998,4,1.0,,,,104110x87492,26027x21873,6506x5468,1626x1367,,,,,,
/N/project/wsiclass/Hancock_Dataset/WSI_LymphNode/LymphNode_HE_494.svs,aperio,51.420499999999997,0.19447500000000001,0.19447500000000001,3,1.0,,,,118784x180224,29696x45056,7424x11264,,,,,,,
/N/project/wsiclass/Hancock_Dataset/WSI_LymphNode/LymphNode_HE_123.svs,aperio,51.420499999999997,0.19447500000000001,0.19447500000000001,3,1.0,,,,77824x126976,19456x31744,4864x7936,,,,,,,
/N/project/wsiclass/Hancock_Dataset/WSI_LymphNode/LymphNode_HE_735.svs,aperio,51.420499999999997,0.19447500000000001,0.19447500000000001,3,1.0,,,,118784x184320,29696x46080,7424x11520,,,,,,,
/N/project/wsiclass/Hancock_Dataset/WSI_LymphNode/LymphNode_HE_564.svs,aperio,40,0.26344099999999998,0.26344099999999998,4,1.0,,,,111430x88283,27857x22070,6964x5517,1741x1379,,,,,,
/N/project/wsiclass/Hancock_Dataset/WSI_LymphNode/LymphNode_HE_051.svs,aperio,40,0.26344099999999998,0.26344099999999998,4,1.0,,,,127652x88283,31913x22070,7978x5517,1994x1379,,,,,,
/N/project/wsiclass/Hancock_Dataset/WSI_LymphNode/LymphNode_HE_215.svs,aperio,40,0.26344099999999998,0.26344099999999998,4,1.0,,,,97581x72259,24395x18064,6098x4516,1524x1129,,,,,,
/N/project/wsiclass/Hancock_Dataset/WSI_LymphNode/LymphNode_HE_138.svs,aperio,40,0.26344099999999998,0.26344099999999998,4,1.0,,,,111232x83337,27808x20834,6952x5208,1738x1302,,,,,,
/N/project/wsiclass/Hancock_Dataset/WSI_LymphNode/LymphNode_HE_306.svs,aperio,40,0.26344099999999998,0.26344099999999998,4,1.0,,,,120530x88283,30132x22070,7533x5517,1883x1379,,,,,,
/N/project/wsiclass/Hancock_Dataset/WSI_LymphNode/LymphNode_HE_483.svs,aperio,40,0.26344099999999998,0.26344099999999998,4,1.0,,,,135367x88283,33841x22070,8460x5517,2115x1379,,,,,,
/N/project/wsiclass/Hancock_Dataset/WSI_LymphNode/LymphNode_HE_072.svs,aperio,40,0.26344099999999998,0.26344099999999998,4,1.0,,,,120530x88283,30132x22070,7533x5517,1883x1379,,,,,,
/N/project/wsiclass/Hancock_Dataset/WSI_LymphNode/LymphNode_HE_115.svs,aperio,40,0.26344099999999998,0.26344099999999998,4,1.0,,,,147237x71072,36809x17768,9202x4442,2300x1110,,,,,,
/N/project/wsiclass/Hancock_Dataset/WSI_LymphNode/LymphNode_HE_407.svs,aperio,40,0.26344099999999998,0.26344099999999998,4,1.0,,,,119541x88283,29885x22070,7471x5517,1867x1379,,,,,,
/N/project/wsiclass/Hancock_Dataset/WSI_LymphNode/LymphNode_HE_294.svs,aperio,51.420499999999997,0.19447500000000001,0.19447500000000001,3,1.0,,,,118784x204800,29696x51200,7424x12800,,,,,,,
/N/project/wsiclass/Hancock_Dataset/WSI_LymphNode/LymphNode_HE_300.svs,aperio,51.420499999999997,0.19447500000000001,0.19447500000000001,3,1.0,,,,118784x180224,29696x45056,7424x11264,,,,,,,
/N/project/wsiclass/Hancock_Dataset/WSI_LymphNode/LymphNode_HE_221.svs,aperio,40,0.26344099999999998,0.26344099999999998,4,1.0,,,,160096x88283,40024x22070,10006x5517,2501x1379,,,,,,
/N/project/wsiclass/Hancock_Dataset/WSI_LymphNode/LymphNode_HE_648.svs,aperio,40,0.26344099999999998,0.26344099999999998,4,1.0,,,,111232x86305,27808x21576,6952x5394,1738x1348,,,,,,
/N/project/wsiclass/Hancock_Dataset/WSI_LymphNode/LymphNode_HE_489.svs,aperio,40,0.26344099999999998,0.26344099999999998,4,1.0,,,,118354x84129,29588x21032,7397x5258,1849x1314,,,,,,
/N/project/wsiclass/Hancock_Dataset/WSI_LymphNode/LymphNode_HE_559.svs,aperio,40,0.26344099999999998,0.26344099999999998,4,1.0,,,,104505x88283,26126x22070,6531x5517,1632x1379,,,,,,
/N/project/wsiclass/Hancock_Dataset/WSI_LymphNode/LymphNode_HE_508.svs,aperio,40,0.26344099999999998,0.26344099999999998,4,1.0,,,,104505x75820,26126x18955,6531x4738,1632x1184,,,,,,
/N/project/wsiclass/Hancock_Dataset/WSI_LymphNode/LymphNode_HE_312.svs,aperio,51.420499999999997,0.19447500000000001,0.19447500000000001,3,1.0,,,,118784x184320,29696x46080,7424x11520,,,,,,,
/N/project/wsiclass/Hancock_Dataset/WSI_LymphNode/LymphNode_HE_387.svs,aperio,40,0.26344099999999998,0.26344099999999998,4,1.0,,,,130619x88283,32654x22070,8163x5517,2040x1379,,,,,,
/N/project/wsiclass/Hancock_Dataset/WSI_LymphNode/LymphNode_HE_488.svs,aperio,40,0.26344099999999998,0.26344099999999998,4,1.0,,,,112221x88283,28055x22070,7013x5517,1753x1379,,,,,,
/N/project/wsiclass/Hancock_Dataset/WSI_LymphNode/LymphNode_HE_030.svs,aperio,40,0.26344099999999998,0.26344099999999998,4,1.0,,,,95207x88085,23801x22021,5950x5505,1487x1376,,,,,,
/N/project/wsiclass/Hancock_Dataset/WSI_LymphNode/LymphNode_HE_113.svs,aperio,40,0.26344099999999998,0.26344099999999998,4,1.0,,,,104110x88283,26027x22070,6506x5517,1626x1379,,,,,,
/N/project/wsiclass/Hancock_Dataset/WSI_LymphNode/LymphNode_HE_643.svs,aperio,51.420499999999997,0.19447500000000001,0.19447500000000001,3,1.0,,,,122880x204800,30720x51200,7680x12800,,,,,,,
/N/project/wsiclass/Hancock_Dataset/WSI_LymphNode/LymphNode_HE_143.svs,aperio,40,0.26344099999999998,0.26344099999999998,4,1.0,,,,97383x80568,24345x20142,6086x5035,1521x1258,,,,,,
/N/project/wsiclass/Hancock_Dataset/WSI_LymphNode/LymphNode_HE_062.svs,aperio,40,0.26344099999999998,0.26344099999999998,4,1.0,,,,125674x88283,31418x22070,7854x5517,1963x1379,,,,,,
/N/project/wsiclass/Hancock_Dataset/WSI_LymphNode/LymphNode_HE_287.svs,aperio,40,0.26344099999999998,0.26344099999999998,4,1.0,,,,123300x87096,30825x21774,7706x5443,1926x1360,,,,,,
/N/project/wsiclass/Hancock_Dataset/WSI_LymphNode/LymphNode_HE_672.svs,aperio,40,0.26344099999999998,0.26344099999999998,4,1.0,,,,118947x87492,29736x21873,7434x5468,1858x1367,,,,,,
/N/project/wsiclass/Hancock_Dataset/WSI_LymphNode/LymphNode_HE_078.svs,aperio,40,0.26344099999999998,0.26344099999999998,4,1.0,,,,108858x78787,27214x19696,6803x4924,1700x1231,,,,,,
/N/project/wsiclass/Hancock_Dataset/WSI_LymphNode/LymphNode_HE_465.svs,aperio,40,0.26344099999999998,0.26344099999999998,4,1.0,,,,162470x86898,40617x21724,10154x5431,2538x1357,,,,,,
/N/project/wsiclass/Hancock_Dataset/WSI_LymphNode/LymphNode_HE_102.svs,aperio,51.420499999999997,0.19447500000000001,0.19447500000000001,3,1.0,,,,118784x180224,29696x45056,7424x11264,,,,,,,
/N/project/wsiclass/Hancock_Dataset/WSI_LymphNode/LymphNode_HE_526.svs,aperio,51.420499999999997,0.19447500000000001,0.19447500000000001,3,1.0,,,,118784x217088,29696x54272,7424x13568,,,,,,,
/N/project/wsiclass/Hancock_Dataset/WSI_LymphNode/LymphNode_HE_680.svs,aperio,40,0.26344099999999998,0.26344099999999998,4,1.0,,,,105297x83931,26324x20982,6581x5245,1645x1311,,,,,,
/N/project/wsiclass/Hancock_Dataset/WSI_LymphNode/LymphNode_HE_550.svs,aperio,40,0.26344099999999998,0.26344099999999998,4,1.0,,,,123695x88283,30923x22070,7730x5517,1932x1379,,,,,,
/N/project/wsiclass/Hancock_Dataset/WSI_LymphNode/LymphNode_HE_665.svs,aperio,40,0.26344099999999998,0.26344099999999998,4,1.0,,,,109253x88283,27313x22070,6828x5517,1707x1379,,,,,,
/N/project/wsiclass/Hancock_Dataset/WSI_LymphNode/LymphNode_HE_144.svs,aperio,51.420499999999997,0.19447500000000001,0.19447500000000001,3,1.0,,,,110592x180224,27648x45056,6912x11264,,,,,,,
/N/project/wsiclass/Hancock_Dataset/WSI_LymphNode/LymphNode_HE_415.svs,aperio,40,0.26344099999999998,0.26344099999999998,4,1.0,,,,107077x87690,26769x21922,6692x5480,1673x1370,,,,,,
/N/project/wsiclass/Hancock_Dataset/WSI_LymphNode/LymphNode_HE_158.svs,aperio,40,0.26344099999999998,0.26344099999999998,4,1.0,,,,113012x88283,28253x22070,7063x5517,1765x1379,,,,,,
/N/project/wsiclass/Hancock_Dataset/WSI_LymphNode/LymphNode_HE_250.svs,aperio,40,0.26344099999999998,0.26344099999999998,4,1.0,,,,124289x84129,31072x21032,7768x5258,1942x1314,,,,,,
/N/project/wsiclass/Hancock_Dataset/WSI_LymphNode/LymphNode_HE_505.svs,aperio,51.420499999999997,0.19447500000000001,0.19447500000000001,3,1.0,,,,118784x159744,29696x39936,7424x9984,,,,,,,
/N/project/wsiclass/Hancock_Dataset/WSI_LymphNode/LymphNode_HE_372.svs,aperio,40,0.26344099999999998,0.26344099999999998,4,1.0,,,,104703x84326,26175x21081,6543x5270,1635x1317,,,,,,
/N/project/wsiclass/Hancock_Dataset/WSI_LymphNode/LymphNode_HE_192.svs,aperio,51.420499999999997,0.19447500000000001,0.19447500000000001,3,1.0,,,,118784x217088,29696x54272,7424x13568,,,,,,,
/N/project/wsiclass/Hancock_Dataset/WSI_LymphNode/LymphNode_HE_491.svs,aperio,40,0.26344099999999998,0.26344099999999998,4,1.0,,,,116375x76611,29093x19152,7273x4788,1818x1197,,,,,,
/N/project/wsiclass/Hancock_Dataset/WSI_LymphNode/LymphNode_HE_540.svs,aperio,40,0.26344099999999998,0.26344099999999998,4,1.0,,,,117760x87690,29440x21922,7360x5480,1840x1370,,,,,,
/N/project/wsiclass/Hancock_Dataset/WSI_LymphNode/LymphNode_HE_666.svs,aperio,51.420499999999997,0.19447500000000001,0.19447500000000001,3,1.0,,,,118784x204800,29696x51200,7424x12800,,,,,,,
/N/project/wsiclass/Hancock_Dataset/WSI_LymphNode/LymphNode_HE_571.svs,aperio,51.420499999999997,0.19447500000000001,0.19447500000000001,3,1.0,,,,110592x180224,27648x45056,6912x11264,,,,,,,
/N/project/wsiclass/Hancock_Dataset/WSI_LymphNode/LymphNode_HE_094.svs,aperio,51.420499999999997,0.19447500000000001,0.19447500000000001,3,1.0,,,,118784x225280,29696x56320,7424x14080,,,,,,,
/N/project/wsiclass/Hancock_Dataset/WSI_LymphNode/LymphNode_HE_152.svs,aperio,51.420499999999997,0.19447500000000001,0.19447500000000001,3,1.0,,,,90112x155648,22528x38912,5632x9728,,,,,,,
/N/project/wsiclass/Hancock_Dataset/WSI_LymphNode/LymphNode_HE_046.svs,aperio,51.420499999999997,0.19447500000000001,0.19447500000000001,3,1.0,,,,118784x233472,29696x58368,7424x14592,,,,,,,
/N/project/wsiclass/Hancock_Dataset/WSI_LymphNode/LymphNode_HE_728.svs,aperio,40,0.26344099999999998,0.26344099999999998,4,1.0,,,,115584x85316,28896x21329,7224x5332,1806x1333,,,,,,
/N/project/wsiclass/Hancock_Dataset/WSI_LymphNode/LymphNode_HE_129.svs,aperio,40,0.26344099999999998,0.26344099999999998,4,1.0,,,,124487x81755,31121x20438,7780x5109,1945x1277,,,,,,
/N/project/wsiclass/Hancock_Dataset/WSI_LymphNode/LymphNode_HE_077.svs,aperio,40,0.26344099999999998,0.26344099999999998,4,1.0,,,,88085x76611,22021x19152,5505x4788,1376x1197,,,,,,
/N/project/wsiclass/Hancock_Dataset/WSI_LymphNode/LymphNode_HE_542.svs,aperio,40,0.26344099999999998,0.26344099999999998,4,1.0,,,,149018x87294,37254x21823,9313x5455,2328x1363,,,,,,
/N/project/wsiclass/Hancock_Dataset/WSI_LymphNode/LymphNode_HE_293.svs,aperio,40,0.26344099999999998,0.26344099999999998,4,1.0,,,,111627x85118,27906x21279,6976x5319,1744x1329,,,,,,
/N/project/wsiclass/Hancock_Dataset/WSI_LymphNode/LymphNode_HE_576.svs,aperio,40,0.26344099999999998,0.26344099999999998,4,1.0,,,,124882x84326,31220x21081,7805x5270,1951x1317,,,,,,
/N/project/wsiclass/Hancock_Dataset/WSI_LymphNode/LymphNode_HE_134.svs,aperio,40,0.26344099999999998,0.26344099999999998,4,1.0,,,,136159x88283,34039x22070,8509x5517,2127x1379,,,,,,
/N/project/wsiclass/Hancock_Dataset/WSI_LymphNode/LymphNode_HE_625.svs,aperio,51.420499999999997,0.19447500000000001,0.19447500000000001,3,1.0,,,,110592x163840,27648x40960,6912x10240,,,,,,,
/N/project/wsiclass/Hancock_Dataset/WSI_LymphNode/LymphNode_HE_148.svs,aperio,40,0.26344099999999998,0.26344099999999998,4,1.0,,,,122310x76413,30577x19103,7644x4775,1911x1193,,,,,,
/N/project/wsiclass/Hancock_Dataset/WSI_LymphNode/LymphNode_HE_021.svs,aperio,40,0.26344099999999998,0.26344099999999998,4,1.0,,,,100153x88283,25038x22070,6259x5517,1564x1379,,,,,,
/N/project/wsiclass/Hancock_Dataset/WSI_LymphNode/LymphNode_HE_301.svs,aperio,51.420499999999997,0.19447500000000001,0.19447500000000001,3,1.0,,,,118784x204800,29696x51200,7424x12800,,,,,,,
/N/project/wsiclass/Hancock_Dataset/WSI_LymphNode/LymphNode_HE_585.svs,aperio,40,0.26344099999999998,0.26344099999999998,4,1.0,,,,128048x81161,32012x20290,8003x5072,2000x1268,,,,,,
/N/project/wsiclass/Hancock_Dataset/WSI_LymphNode/LymphNode_HE_391.svs,aperio,40,0.26344099999999998,0.26344099999999998,4,1.0,,,,111034x85118,27758x21279,6939x5319,1734x1329,,,,,,
/N/project/wsiclass/Hancock_Dataset/WSI_LymphNode/LymphNode_HE_019.svs,aperio,51.420499999999997,0.19447500000000001,0.19447500000000001,3,1.0,,,,118784x204800,29696x51200,7424x12800,,,,,,,
/N/project/wsiclass/Hancock_Dataset/WSI_LymphNode/LymphNode_HE_544.svs,aperio,51.420499999999997,0.19447500000000001,0.19447500000000001,3,1.0,,,,122880x204800,30720x51200,7680x12800,,,,,,,
/N/project/wsiclass/Hancock_Dataset/WSI_LymphNode/LymphNode_HE_657.svs,aperio,40,0.26344099999999998,0.26344099999999998,4,1.0,,,,83733x83733,20933x20933,5233x5233,1308x1308,,,,,,
/N/project/wsiclass/Hancock_Dataset/WSI_LymphNode/LymphNode_HE_742.svs,aperio,51.420499999999997,0.19447500000000001,0.19447500000000001,3,1.0,,,,118784x192512,29696x48128,7424x12032,,,,,,,
/N/project/wsiclass/Hancock_Dataset/WSI_LymphNode/LymphNode_HE_299.svs,aperio,40,0.26344099999999998,0.26344099999999998,4,1.0,,,,116178x88283,29044x22070,7261x5517,1815x1379,,,,,,
/N/project/wsiclass/Hancock_Dataset/WSI_LymphNode/LymphNode_HE_393.svs,aperio,40,0.26344099999999998,0.26344099999999998,4,1.0,,,,123695x87690,30923x21922,7730x5480,1932x1370,,,,,,
/N/project/wsiclass/Hancock_Dataset/WSI_LymphNode/LymphNode_HE_530.svs,aperio,40,0.26344099999999998,0.26344099999999998,4,1.0,,,,114001x85909,28500x21477,7125x5369,1781x1342,,,,,,
/N/project/wsiclass/Hancock_Dataset/WSI_LymphNode/LymphNode_HE_452.svs,aperio,40,0.26344099999999998,0.26344099999999998,4,1.0,,,,110243x88283,27560x22070,6890x5517,1722x1379,,,,,,
/N/project/wsiclass/Hancock_Dataset/WSI_LymphNode/LymphNode_HE_355.svs,aperio,51.420499999999997,0.19447500000000001,0.19447500000000001,3,1.0,,,,118784x163840,29696x40960,7424x10240,,,,,,,
/N/project/wsiclass/Hancock_Dataset/WSI_LymphNode/LymphNode_HE_673.svs,aperio,51.420499999999997,0.19447500000000001,0.19447500000000001,3,1.0,,,,118784x176128,29696x44032,7424x11008,,,,,,,
/N/project/wsiclass/Hancock_Dataset/WSI_LymphNode/LymphNode_HE_382.svs,aperio,40,0.26344099999999998,0.26344099999999998,4,1.0,,,,85909x67906,21477x16976,5369x4244,1342x1061,,,,,,
/N/project/wsiclass/Hancock_Dataset/WSI_LymphNode/LymphNode_HE_188.svs,aperio,40,0.26344099999999998,0.26344099999999998,4,1.0,,,,104901x88283,26225x22070,6556x5517,1639x1379,,,,,,
/N/project/wsiclass/Hancock_Dataset/WSI_LymphNode/LymphNode_HE_695.svs,aperio,40,0.26344099999999998,0.26344099999999998,4,1.0,,,,118749x70082,29687x17520,7421x4380,1855x1095,,,,,,
/N/project/wsiclass/Hancock_Dataset/WSI_LymphNode/LymphNode_HE_528.svs,aperio,51.420499999999997,0.19447500000000001,0.19447500000000001,3,1.0,,,,118784x188416,29696x47104,7424x11776,,,,,,,
/N/project/wsiclass/Hancock_Dataset/WSI_LymphNode/LymphNode_HE_298.svs,aperio,40,0.26344099999999998,0.26344099999999998,4,1.0,,,,88085x68500,22021x17125,5505x4281,1376x1070,,,,,,
/N/project/wsiclass/Hancock_Dataset/WSI_LymphNode/LymphNode_HE_568.svs,aperio,40,0.26344099999999998,0.26344099999999998,4,1.0,,,,117562x82546,29390x20636,7347x5159,1836x1289,,,,,,
/N/project/wsiclass/Hancock_Dataset/WSI_LymphNode/LymphNode_HE_125.svs,aperio,40,0.26344099999999998,0.26344099999999998,4,1.0,,,,105495x80370,26373x20092,6593x5023,1648x1255,,,,,,
/N/project/wsiclass/Hancock_Dataset/WSI_LymphNode/LymphNode_HE_710.svs,aperio,40,0.26344099999999998,0.26344099999999998,4,1.0,,,,95999x81755,23999x20438,5999x5109,1499x1277,,,,,,
/N/project/wsiclass/Hancock_Dataset/WSI_LymphNode/LymphNode_HE_511.svs,aperio,40,0.26344099999999998,0.26344099999999998,4,1.0,,,,129432x88283,32358x22070,8089x5517,2022x1379,,,,,,
/N/project/wsiclass/Hancock_Dataset/WSI_LymphNode/LymphNode_HE_594.svs,aperio,40,0.26344099999999998,0.26344099999999998,4,1.0,,,,98966x81755,24741x20438,6185x5109,1546x1277,,,,,,
/N/project/wsiclass/Hancock_Dataset/WSI_LymphNode/LymphNode_HE_467.svs,aperio,40,0.26344099999999998,0.26344099999999998,4,1.0,,,,121717x78391,30429x19597,7607x4899,1901x1224,,,,,,
/N/project/wsiclass/Hancock_Dataset/WSI_LymphNode/LymphNode_HE_326.svs,aperio,40,0.26344099999999998,0.26344099999999998,4,1.0,,,,145852x88283,36463x22070,9115x5517,2278x1379,,,,,,
/N/project/wsiclass/Hancock_Dataset/WSI_LymphNode/LymphNode_HE_629.svs,aperio,40,0.26344099999999998,0.26344099999999998,4,1.0,,,,106484x83535,26621x20883,6655x5220,1663x1305,,,,,,
/N/project/wsiclass/Hancock_Dataset/WSI_LymphNode/LymphNode_HE_006.svs,aperio,40,0.26344099999999998,0.26344099999999998,4,1.0,,,,121321x85513,30330x21378,7582x5344,1895x1336,,,,,,
/N/project/wsiclass/Hancock_Dataset/WSI_LymphNode/LymphNode_HE_714.svs,aperio,40,0.26344099999999998,0.26344099999999998,4,1.0,,,,114595x82150,28648x20537,7162x5134,1790x1283,,,,,,
/N/project/wsiclass/Hancock_Dataset/WSI_LymphNode/LymphNode_HE_027.svs,aperio,40,0.26344099999999998,0.26344099999999998,4,1.0,,,,109253x77996,27313x19499,6828x4874,1707x1218,,,,,,
/N/project/wsiclass/Hancock_Dataset/WSI_LymphNode/LymphNode_HE_403.svs,aperio,40,0.26344099999999998,0.26344099999999998,4,1.0,,,,116771x84722,29192x21180,7298x5295,1824x1323,,,,,,
/N/project/wsiclass/Hancock_Dataset/WSI_LymphNode/LymphNode_HE_253.svs,aperio,51.420499999999997,0.19447500000000001,0.19447500000000001,3,1.0,,,,118784x180224,29696x45056,7424x11264,,,,,,,
/N/project/wsiclass/Hancock_Dataset/WSI_LymphNode/LymphNode_HE_370.svs,aperio,51.420499999999997,0.19447500000000001,0.19447500000000001,3,1.0,,,,118784x204800,29696x51200,7424x12800,,,,,,,
/N/project/wsiclass/Hancock_Dataset/WSI_LymphNode/LymphNode_HE_240.svs,aperio,40,0.26344099999999998,0.26344099999999998,4,1.0,,,,87294x71467,21823x17866,5455x4466,1363x1116,,,,,,
/N/project/wsiclass/Hancock_Dataset/WSI_LymphNode/LymphNode_HE_217.svs,aperio,40,0.26344099999999998,0.26344099999999998,4,1.0,,,,118947x88283,29736x22070,7434x5517,1858x1379,,,,,,
/N/project/wsiclass/Hancock_Dataset/WSI_LymphNode/LymphNode_HE_126.svs,aperio,51.420499999999997,0.19447500000000001,0.19447500000000001,3,1.0,,,,122880x192512,30720x48128,7680x12032,,,,,,,
/N/project/wsiclass/Hancock_Dataset/WSI_LymphNode/LymphNode_HE_604.svs,aperio,51.420499999999997,0.19447500000000001,0.19447500000000001,3,1.0,,,,118784x217088,29696x54272,7424x13568,,,,,,,
/N/project/wsiclass/Hancock_Dataset/WSI_LymphNode/LymphNode_HE_359.svs,aperio,40,0.26344099999999998,0.26344099999999998,4,1.0,,,,107077x77996,26769x19499,6692x4874,1673x1218,,,,,,
/N/project/wsiclass/Hancock_Dataset/WSI_LymphNode/LymphNode_HE_195.svs,aperio,40,0.26344099999999998,0.26344099999999998,4,1.0,,,,101736x82546,25434x20636,6358x5159,1589x1289,,,,,,
/N/project/wsiclass/Hancock_Dataset/WSI_LymphNode/LymphNode_HE_336.svs,aperio,51.420499999999997,0.19447500000000001,0.19447500000000001,3,1.0,,,,122880x204800,30720x51200,7680x12800,,,,,,,
/N/project/wsiclass/Hancock_Dataset/WSI_LymphNode/LymphNode_HE_278.svs,aperio,40,0.26344099999999998,0.26344099999999998,4,1.0,,,,119936x88283,29984x22070,7496x5517,1874x1379,,,,,,
/N/project/wsiclass/Hancock_Dataset/WSI_LymphNode/LymphNode_HE_052.svs,aperio,40,0.26344099999999998,0.26344099999999998,4,1.0,,,,114397x88283,28599x22070,7149x5517,1787x1379,,,,,,
/N/project/wsiclass/Hancock_Dataset/WSI_LymphNode/LymphNode_HE_434.svs,aperio,40,0.26344099999999998,0.26344099999999998,4,1.0,,,,137148x88283,34287x22070,8571x5517,2142x1379,,,,,,
/N/project/wsiclass/Hancock_Dataset/WSI_LymphNode/LymphNode_HE_554.svs,aperio,40,0.26344099999999998,0.26344099999999998,4,1.0,,,,126861x84326,31715x21081,7928x5270,1982x1317,,,,,,
/N/project/wsiclass/Hancock_Dataset/WSI_LymphNode/LymphNode_HE_745.svs,aperio,40,0.26344099999999998,0.26344099999999998,4,1.0,,,,90657x79776,22664x19944,5666x4986,1416x1246,,,,,,
/N/project/wsiclass/Hancock_Dataset/WSI_LymphNode/LymphNode_HE_208.svs,aperio,40,0.26344099999999998,0.26344099999999998,4,1.0,,,,112023x69687,28005x17421,7001x4355,1750x1088,,,,,,
/N/project/wsiclass/Hancock_Dataset/WSI_LymphNode/LymphNode_HE_536.svs,aperio,40,0.26344099999999998,0.26344099999999998,4,1.0,,,,103121x85316,25780x21329,6445x5332,1611x1333,,,,,,
/N/project/wsiclass/Hancock_Dataset/WSI_LymphNode/LymphNode_HE_061.svs,aperio,40,0.26344099999999998,0.26344099999999998,4,1.0,,,,115980x84920,28995x21230,7248x5307,1812x1326,,,,,,
/N/project/wsiclass/Hancock_Dataset/WSI_LymphNode/LymphNode_HE_675.svs,aperio,51.420499999999997,0.19447500000000001,0.19447500000000001,3,1.0,,,,118784x245760,29696x61440,7424x15360,,,,,,,
/N/project/wsiclass/Hancock_Dataset/WSI_LymphNode/LymphNode_HE_484.svs,aperio,51.420499999999997,0.19447500000000001,0.19447500000000001,3,1.0,,,,114688x147456,28672x36864,7168x9216,,,,,,,
/N/project/wsiclass/Hancock_Dataset/WSI_LymphNode/LymphNode_HE_068.svs,aperio,40,0.26344099999999998,0.26344099999999998,4,1.0,,,,135961x76611,33990x19152,8497x4788,2124x1197,,,,,,
/N/project/wsiclass/Hancock_Dataset/WSI_LymphNode/LymphNode_HE_234.svs,aperio,40,0.26344099999999998,0.26344099999999998,4,1.0,,,,101340x88283,25335x22070,6333x5517,1583x1379,,,,,,
/N/project/wsiclass/Hancock_Dataset/WSI_LymphNode/LymphNode_HE_598.svs,aperio,40,0.26344099999999998,0.26344099999999998,4,1.0,,,,116573x88283,29143x22070,7285x5517,1821x1379,,,,,,
/N/project/wsiclass/Hancock_Dataset/WSI_LymphNode/LymphNode_HE_086.svs,aperio,40,0.26344099999999998,0.26344099999999998,4,1.0,,,,114793x73841,28698x18460,7174x4615,1793x1153,,,,,,
/N/project/wsiclass/Hancock_Dataset/WSI_LymphNode/LymphNode_HE_400.svs,aperio,40,0.26344099999999998,0.26344099999999998,4,1.0,,,,116969x84920,29242x21230,7310x5307,1827x1326,,,,,,
